Timestamp,Camera,Saved File,Topic,Size (Bytes)
2025-08-06_14-49-42,cam1,received_images/2025-08-06/cam1/cam1_2025-08-06_14-49-42.jpg,cameras/cam1/image,5065
2025-08-06_14-56-46,cam1,received_images/2025-08-06/cam1/cam1_2025-08-06_14-56-46.jpg,cameras/cam1/image,3039
2025-08-06_16-32-15,cam1,received_images/2025-08-06/cam1/cam1_2025-08-06_16-32-15.jpg,cameras/cam1/image,5111
2025-08-06_16-32-46,cam1,received_images/2025-08-06/cam1/cam1_2025-08-06_16-32-46.jpg,cameras/cam1/image,4957
2025-08-06_16-34-00,cam1,received_images/2025-08-06/cam1/cam1_2025-08-06_16-34-00.jpg,cameras/cam1/image,5071
2025-08-06_16-39-13,cam1,received_images/2025-08-06/cam1/cam1_2025-08-06_16-39-13.jpg,cameras/cam1/image,2788
2025-08-06_16-39-15,cam1,received_images/2025-08-06/cam1/cam1_2025-08-06_16-39-15.jpg,cameras/cam1/image,2796
2025-08-06_16-39-27,cam1,received_images/2025-08-06/cam1/cam1_2025-08-06_16-39-27.jpg,cameras/cam1/image,2814
2025-08-06_16-39-31,cam1,received_images/2025-08-06/cam1/cam1_2025-08-06_16-39-31.jpg,cameras/cam1/image,2814
2025-08-06_16-39-31,cam1,received_images/2025-08-06/cam1/cam1_2025-08-06_16-39-31.jpg,cameras/cam1/image,2814
2025-08-06_16-39-35,cam1,received_images/2025-08-06/cam1/cam1_2025-08-06_16-39-35.jpg,cameras/cam1/image,2814
2025-08-06_16-39-38,cam1,received_images/2025-08-06/cam1/cam1_2025-08-06_16-39-38.jpg,cameras/cam1/image,2814
2025-08-06_16-39-42,cam1,received_images/2025-08-06/cam1/cam1_2025-08-06_16-39-42.jpg,cameras/cam1/image,2814
2025-08-06_16-39-47,cam1,received_images/2025-08-06/cam1/cam1_2025-08-06_16-39-47.jpg,cameras/cam1/image,2814
2025-08-06_16-39-49,cam1,received_images/2025-08-06/cam1/cam1_2025-08-06_16-39-49.jpg,cameras/cam1/image,2814
2025-08-06_16-39-51,cam1,received_images/2025-08-06/cam1/cam1_2025-08-06_16-39-51.jpg,cameras/cam1/image,2814
2025-08-06_16-40-03,cam1,received_images/2025-08-06/cam1/cam1_2025-08-06_16-40-03.jpg,cameras/cam1/image,2814
2025-08-06_16-40-05,cam1,received_images/2025-08-06/cam1/cam1_2025-08-06_16-40-05.jpg,cameras/cam1/image,2814
2025-08-06_16-40-05,cam1,received_images/2025-08-06/cam1/cam1_2025-08-06_16-40-05.jpg,cameras/cam1/image,2814
2025-08-06_16-40-08,cam1,received_images/2025-08-06/cam1/cam1_2025-08-06_16-40-08.jpg,cameras/cam1/image,4051
2025-08-06_16-40-11,cam1,received_images/2025-08-06/cam1/cam1_2025-08-06_16-40-11.jpg,cameras/cam1/image,3070
2025-08-06_16-40-11,cam1,received_images/2025-08-06/cam1/cam1_2025-08-06_16-40-11.jpg,cameras/cam1/image,3070
2025-08-06_16-40-21,cam1,received_images/2025-08-06/cam1/cam1_2025-08-06_16-40-21.jpg,cameras/cam1/image,3070
2025-08-06_16-41-05,cam1,received_images/2025-08-06/cam1/cam1_2025-08-06_16-41-05.jpg,cameras/cam1/image,5037
2025-08-06_16-45-58,heartbeat,received_images/2025-08-06/heartbeat/heartbeat_2025-08-06_16-45-58.jpg,system/heartbeat,5
2025-08-06_16-45-58,heartbeat,received_images/2025-08-06/heartbeat/heartbeat_2025-08-06_16-45-58.jpg,system/heartbeat,5
2025-08-06_16-46-54,heartbeat,received_images/2025-08-06/heartbeat/heartbeat_2025-08-06_16-46-54.jpg,system/heartbeat,5
2025-08-06_16-46-58,heartbeat,received_images/2025-08-06/heartbeat/heartbeat_2025-08-06_16-46-58.jpg,system/heartbeat,5
2025-08-06_16-47-54,heartbeat,received_images/2025-08-06/heartbeat/heartbeat_2025-08-06_16-47-54.jpg,system/heartbeat,5
2025-08-06_16-47-58,heartbeat,received_images/2025-08-06/heartbeat/heartbeat_2025-08-06_16-47-58.jpg,system/heartbeat,5
2025-08-06_16-48-54,heartbeat,received_images/2025-08-06/heartbeat/heartbeat_2025-08-06_16-48-54.jpg,system/heartbeat,5
2025-08-06_16-48-58,heartbeat,received_images/2025-08-06/heartbeat/heartbeat_2025-08-06_16-48-58.jpg,system/heartbeat,5
2025-08-07_09-18-50,cam1,received_images/2025-08-07/cam1/cam1_2025-08-07_09-18-50.jpg,cameras/cam1/image,5108
2025-08-07_09-28-44,cam1,received_images/2025-08-07/cam1/cam1_2025-08-07_09-28-44.jpg,cameras/cam1/image,4065
2025-08-07_09-28-46,cam1,received_images/2025-08-07/cam1/cam1_2025-08-07_09-28-46.jpg,cameras/cam1/image,4080
2025-08-07_09-28-52,cam1,received_images/2025-08-07/cam1/cam1_2025-08-07_09-28-52.jpg,cameras/cam1/image,4080
2025-08-07_09-28-58,cam1,received_images/2025-08-07/cam1/cam1_2025-08-07_09-28-58.jpg,cameras/cam1/image,4080
2025-08-07_09-29-00,cam1,received_images/2025-08-07/cam1/cam1_2025-08-07_09-29-00.jpg,cameras/cam1/image,4080
2025-08-07_09-29-05,cam1,received_images/2025-08-07/cam1/cam1_2025-08-07_09-29-05.jpg,cameras/cam1/image,4080
2025-08-07_09-29-07,cam1,received_images/2025-08-07/cam1/cam1_2025-08-07_09-29-07.jpg,cameras/cam1/image,4080
2025-08-07_09-29-09,cam1,received_images/2025-08-07/cam1/cam1_2025-08-07_09-29-09.jpg,cameras/cam1/image,3849
2025-08-07_09-29-21,cam1,received_images/2025-08-07/cam1/cam1_2025-08-07_09-29-21.jpg,cameras/cam1/image,3010
2025-08-07_09-38-05,cam1,received_images/2025-08-07/cam1/cam1_2025-08-07_09-38-05.jpg,cameras/cam1/image,4071
2025-08-07_09-52-54,cam1,received_images/2025-08-07/cam1/cam1_2025-08-07_09-52-54.jpg,cameras/cam1/image,4087
2025-08-07_09-57-05,cam1,received_images/2025-08-07/cam1/cam1_2025-08-07_09-57-05.jpg,cameras/cam1/image,5794
2025-08-07_10-00-10,cam1,received_images/2025-08-07/cam1/cam1_2025-08-07_10-00-10.jpg,cameras/cam1/image,5867
2025-08-07_10-01-18,cam1,received_images/2025-08-07/cam1/cam1_2025-08-07_10-01-18.jpg,cameras/cam1/image,3050
2025-08-07_10-02-18,cam1,received_images/2025-08-07/cam1/cam1_2025-08-07_10-02-18.jpg,cameras/cam1/image,5109
2025-08-07_10-20-51,cam1,received_images/2025-08-07/cam1/cam1_2025-08-07_10-20-51.jpg,cameras/cam1/image,3060
2025-08-07_10-33-10,cam1,received_images/2025-08-07/cam1/cam1_2025-08-07_10-33-10.jpg,cameras/cam1/image,3060
2025-08-07_10-33-13,cam1,received_images/2025-08-07/cam1/cam1_2025-08-07_10-33-13.jpg,cameras/cam1/image,3044
2025-08-07_10-36-24,cam1,received_images/2025-08-07/cam1/cam1_2025-08-07_10-36-24.jpg,cameras/cam1/image,4986
2025-08-07_10-47-31,cam1,received_images/2025-08-07/cam1/cam1_2025-08-07_10-47-31.jpg,cameras/cam1/image,4018
2025-08-07_10-53-07,status,received_images/2025-08-07/status/status_2025-08-07_10-53-07.jpg,system/status,17
2025-08-07_10-54-10,cam1,received_images/2025-08-07/cam1/cam1_2025-08-07_10-54-10.jpg,cameras/cam1/image,3066
2025-08-07_10-54-36,status,received_images/2025-08-07/status/status_2025-08-07_10-54-36.jpg,system/status,17
2025-08-07_10-54-36,cam1,received_images/2025-08-07/cam1/cam1_2025-08-07_10-54-36.jpg,cameras/cam1/image,3065
2025-08-07_11-05-29,status,received_images/2025-08-07/status/status_2025-08-07_11-05-29.jpg,system/status,17
2025-08-07_11-05-49,status,received_images/2025-08-07/status/status_2025-08-07_11-05-49.jpg,system/status,17
2025-08-07_11-05-50,cam1,received_images/2025-08-07/cam1/cam1_2025-08-07_11-05-50.jpg,cameras/cam1/image,3046
2025-08-07_11-08-14,status,received_images/2025-08-07/status/status_2025-08-07_11-08-14.jpg,system/status,17
2025-08-07_11-08-38,cam1,received_images/2025-08-07/cam1/cam1_2025-08-07_11-08-38.jpg,cameras/cam1/image,4078
2025-08-07_11-08-56,status,received_images/2025-08-07/status/status_2025-08-07_11-08-56.jpg,system/status,17
2025-08-07_11-08-56,cam1,received_images/2025-08-07/cam1/cam1_2025-08-07_11-08-56.jpg,cameras/cam1/image,4949
2025-08-07_11-26-20,status,received_images/2025-08-07/status/status_2025-08-07_11-26-20.jpg,system/status,17
2025-08-07_11-26-21,cam1,received_images/2025-08-07/cam1/cam1_2025-08-07_11-26-21.jpg,cameras/cam1/image,5853
2025-08-07_11-26-22,status,received_images/2025-08-07/status/status_2025-08-07_11-26-22.jpg,system/status,11
2025-08-07_11-27-44,status,received_images/2025-08-07/status/status_2025-08-07_11-27-44.jpg,system/status,17
2025-08-07_11-27-53,cam1,received_images/2025-08-07/cam1/cam1_2025-08-07_11-27-53.jpg,cameras/cam1/image,4081
2025-08-07_11-27-53,status,received_images/2025-08-07/status/status_2025-08-07_11-27-53.jpg,system/status,11
2025-08-07_11-51-38,status,received_images/2025-08-07/status/status_2025-08-07_11-51-38.jpg,system/status,17
2025-08-07_11-52-47,cam1,received_images/2025-08-07/cam1/cam1_2025-08-07_11-52-47.jpg,cameras/cam1/image,3062
2025-08-07_14-39-52,cam1,received_images/2025-08-07/cam1/cam1_2025-08-07_14-39-52.jpg,cameras/cam1/image,4033
2025-08-07_14-59-18,cam1,received_images/2025-08-07/cam1/cam1_2025-08-07_14-59-18.jpg,cameras/cam1/image,3062
2025-08-07_15-30-44,cam1,received_images/2025-08-07/cam1/cam1_2025-08-07_15-30-44.jpg,cameras/cam1/image,5703
2025-08-07_16-20-39,cam1,received_images/2025-08-07/cam1/cam1_2025-08-07_16-20-39.jpg,cameras/cam1/image,5061
2025-08-07_16-20-39,cam1,received_images/2025-08-07/cam1/cam1_2025-08-07_16-20-39.jpg,cameras/cam1/image,5061
2025-08-07_17-17-04,cam1,received_images/2025-08-07/cam1/cam1_2025-08-07_17-17-04.jpg,cameras/cam1/image,5049
2025-08-07_17-17-04,cam1,received_images/2025-08-07/cam1/cam1_2025-08-07_17-17-04.jpg,cameras/cam1/image,5049
2025-08-07_17-18-22,cam1,received_images/2025-08-07/cam1/cam1_2025-08-07_17-18-22.jpg,cameras/cam1/image,3051
2025-08-07_17-26-56,status,received_images/2025-08-07/status/status_2025-08-07_17-26-56.jpg,system/status/cam1,12
2025-08-07_17-27-46,status,received_images/2025-08-07/status/status_2025-08-07_17-27-46.jpg,system/status/cam1,12
2025-08-08_10-50-57,cam1,received_images/2025-08-08/cam1/cam1_2025-08-08_10-50-57.jpg,cameras/cam1/image,3071
2025-08-08_11-02-52,status,received_images/2025-08-08/status/status_2025-08-08_11-02-52.jpg,system/status/cam1,12
2025-08-08_11-02-53,cam1,received_images/2025-08-08/cam1/cam1_2025-08-08_11-02-53.jpg,cameras/cam1/image,5048
2025-08-08_11-18-13,status,received_images/2025-08-08/status/status_2025-08-08_11-18-13.jpg,system/status/cam1,12
2025-08-08_11-18-13,cam1,received_images/2025-08-08/cam1/cam1_2025-08-08_11-18-13.jpg,cameras/cam1/image,5109
2025-08-08_12-00-15,status,received_images/2025-08-08/status/status_2025-08-08_12-00-15.jpg,system/status/cam1,12
2025-08-08_12-18-47,cam1,received_images/2025-08-08/cam1/cam1_2025-08-08_12-18-47.jpg,cameras/cam1/image,5302
2025-08-11_11-47-47,cam1,received_images/2025-08-11/cam1/cam1_2025-08-11_11-47-47.jpg,cameras/cam1/image,3030
2025-08-11_16-09-49,cam1,received_images/2025-08-11/cam1/cam1_2025-08-11_16-09-49.jpg,cameras/cam1/image,4074
2025-08-11_16-09-59,cam1,received_images/2025-08-11/cam1/cam1_2025-08-11_16-09-59.jpg,cameras/cam1/image,4074
2025-08-11_17-02-21,cam1,received_images/2025-08-11/cam1/cam1_2025-08-11_17-02-21.jpg,cameras/cam1/image,4084
2025-08-11_17-11-48,cam1,received_images/2025-08-11/cam1/cam1_2025-08-11_17-11-48.jpg,cameras/cam1/image,4064
2025-08-11_17-12-05,cam1,received_images/2025-08-11/cam1/cam1_2025-08-11_17-12-05.jpg,cameras/cam1/image,4064
2025-08-11_17-12-38,cam1,received_images/2025-08-11/cam1/cam1_2025-08-11_17-12-38.jpg,cameras/cam1/image,4064
2025-08-11_17-13-04,cam1,received_images/2025-08-11/cam1/cam1_2025-08-11_17-13-04.jpg,cameras/cam1/image,4064
2025-08-11_17-16-42,cam1,received_images/2025-08-11/cam1/cam1_2025-08-11_17-16-42.jpg,cameras/cam1/image,4064
2025-08-11_17-17-04,cam1,received_images/2025-08-11/cam1/cam1_2025-08-11_17-17-04.jpg,cameras/cam1/image,4064
2025-08-11_17-26-40,cam1,received_images/2025-08-11/cam1/cam1_2025-08-11_17-26-40.jpg,cameras/cam1/image,4090
2025-08-11_17-27-02,cam1,received_images/2025-08-11/cam1/cam1_2025-08-11_17-27-02.jpg,cameras/cam1/image,4090
2025-08-12_08-34-34,cam1,received_images/2025-08-12/cam1/cam1_2025-08-12_08-34-34.jpg,cameras/cam1/image,4090
2025-08-12_08-34-50,cam1,received_images/2025-08-12/cam1/cam1_2025-08-12_08-34-50.jpg,cameras/cam1/image,4090
2025-08-12_08-46-53,cam1,received_images/2025-08-12/cam1/cam1_2025-08-12_08-46-53.jpg,cameras/cam1/image,4075
2025-08-12_12-04-41,cam1,received_images/2025-08-12/cam1/cam1_2025-08-12_12-04-41.jpg,cameras/cam1/image,4077
2025-08-12_15-01-09,cam1,received_images/2025-08-12/cam1/cam1_2025-08-12_15-01-09.jpg,cameras/cam1/image,3034
2025-08-12_15-01-47,cam1,received_images/2025-08-12/cam1/cam1_2025-08-12_15-01-47.jpg,cameras/cam1/image,4087
2025-08-12_15-02-23,cam1,received_images/2025-08-12/cam1/cam1_2025-08-12_15-02-23.jpg,cameras/cam1/image,3945
2025-08-12_15-03-58,cam1,received_images/2025-08-12/cam1/cam1_2025-08-12_15-03-58.jpg,cameras/cam1/image,4019
2025-08-12_15-04-31,cam1,received_images/2025-08-12/cam1/cam1_2025-08-12_15-04-31.jpg,cameras/cam1/image,4019
2025-08-12_15-05-01,cam1,received_images/2025-08-12/cam1/cam1_2025-08-12_15-05-01.jpg,cameras/cam1/image,4019
2025-08-12_15-09-37,cam1,received_images/2025-08-12/cam1/cam1_2025-08-12_15-09-37.jpg,cameras/cam1/image,4036
2025-08-12_15-12-05,cam1,received_images/2025-08-12/cam1/cam1_2025-08-12_15-12-05.jpg,cameras/cam1/image,4066
2025-08-12_15-24-43,cam1,received_images/2025-08-12/cam1/cam1_2025-08-12_15-24-43.jpg,cameras/cam1/image,4038
2025-08-12_15-55-17,cam1,received_images/2025-08-12/cam1/cam1_2025-08-12_15-55-17.jpg,cameras/cam1/image,4031
2025-08-12_15-55-51,cam1,received_images/2025-08-12/cam1/cam1_2025-08-12_15-55-51.jpg,cameras/cam1/image,4031
2025-08-12_15-56-10,cam1,received_images/2025-08-12/cam1/cam1_2025-08-12_15-56-10.jpg,cameras/cam1/image,4031
2025-08-12_15-57-20,cam1,received_images/2025-08-12/cam1/cam1_2025-08-12_15-57-20.jpg,cameras/cam1/image,5888
2025-08-12_16-01-52,cam1,received_images/2025-08-12/cam1/cam1_2025-08-12_16-01-52.jpg,cameras/cam1/image,3957
2025-08-12_16-08-13,cam1,received_images/2025-08-12/cam1/cam1_2025-08-12_16-08-13.jpg,cameras/cam1/image,4076
2025-08-12_16-08-26,cam1,received_images/2025-08-12/cam1/cam1_2025-08-12_16-08-26.jpg,cameras/cam1/image,4076
2025-08-12_16-09-24,cam1,received_images/2025-08-12/cam1/cam1_2025-08-12_16-09-24.jpg,cameras/cam1/image,3043
2025-08-12_16-10-08,cam1,received_images/2025-08-12/cam1/cam1_2025-08-12_16-10-08.jpg,cameras/cam1/image,4089
2025-08-12_16-11-08,cam1,received_images/2025-08-12/cam1/cam1_2025-08-12_16-11-08.jpg,cameras/cam1/image,4089
2025-08-12_16-14-18,cam1,received_images/2025-08-12/cam1/cam1_2025-08-12_16-14-18.jpg,cameras/cam1/image,3065
2025-08-12_16-15-47,cam1,received_images/2025-08-12/cam1/cam1_2025-08-12_16-15-47.jpg,cameras/cam1/image,4089
2025-08-12_16-16-48,cam1,received_images/2025-08-12/cam1/cam1_2025-08-12_16-16-48.jpg,cameras/cam1/image,3070
2025-08-12_16-16-56,cam1,received_images/2025-08-12/cam1/cam1_2025-08-12_16-16-56.jpg,cameras/cam1/image,4007
2025-08-12_16-17-03,cam1,received_images/2025-08-12/cam1/cam1_2025-08-12_16-17-03.jpg,cameras/cam1/image,4007
2025-08-12_16-17-15,cam1,received_images/2025-08-12/cam1/cam1_2025-08-12_16-17-15.jpg,cameras/cam1/image,5065
2025-08-12_16-17-23,cam1,received_images/2025-08-12/cam1/cam1_2025-08-12_16-17-23.jpg,cameras/cam1/image,5695
2025-08-12_16-17-55,cam1,received_images/2025-08-12/cam1/cam1_2025-08-12_16-17-55.jpg,cameras/cam1/image,5090
2025-08-12_16-18-47,cam1,received_images/2025-08-12/cam1/cam1_2025-08-12_16-18-47.jpg,cameras/cam1/image,4009
2025-08-12_16-18-57,cam1,received_images/2025-08-12/cam1/cam1_2025-08-12_16-18-57.jpg,cameras/cam1/image,3060
2025-08-12_16-19-10,cam1,received_images/2025-08-12/cam1/cam1_2025-08-12_16-19-10.jpg,cameras/cam1/image,4061
2025-08-12_16-19-42,cam1,received_images/2025-08-12/cam1/cam1_2025-08-12_16-19-42.jpg,cameras/cam1/image,3044
2025-08-12_16-22-20,cam1,received_images/2025-08-12/cam1/cam1_2025-08-12_16-22-20.jpg,cameras/cam1/image,5030
2025-08-12_16-22-57,cam1,received_images/2025-08-12/cam1/cam1_2025-08-12_16-22-57.jpg,cameras/cam1/image,5964
2025-08-12_16-24-19,cam1,received_images/2025-08-12/cam1/cam1_2025-08-12_16-24-19.jpg,cameras/cam1/image,4022
2025-08-12_16-25-23,cam1,received_images/2025-08-12/cam1/cam1_2025-08-12_16-25-23.jpg,cameras/cam1/image,3031
2025-08-12_16-25-46,cam1,received_images/2025-08-12/cam1/cam1_2025-08-12_16-25-46.jpg,cameras/cam1/image,3046
2025-08-12_16-25-52,cam1,received_images/2025-08-12/cam1/cam1_2025-08-12_16-25-52.jpg,cameras/cam1/image,5008
2025-08-12_16-26-03,cam1,received_images/2025-08-12/cam1/cam1_2025-08-12_16-26-03.jpg,cameras/cam1/image,4078
2025-08-12_16-26-14,cam1,received_images/2025-08-12/cam1/cam1_2025-08-12_16-26-14.jpg,cameras/cam1/image,4087
2025-08-12_16-27-03,cam1,received_images/2025-08-12/cam1/cam1_2025-08-12_16-27-03.jpg,cameras/cam1/image,3055
2025-08-12_16-28-49,cam1,received_images/2025-08-12/cam1/cam1_2025-08-12_16-28-49.jpg,cameras/cam1/image,4084
2025-08-12_16-28-55,cam1,received_images/2025-08-12/cam1/cam1_2025-08-12_16-28-55.jpg,cameras/cam1/image,4095
2025-08-12_16-44-51,cam1,received_images/2025-08-12/cam1/cam1_2025-08-12_16-44-51.jpg,cameras/cam1/image,3049
2025-08-12_16-45-37,cam1,received_images/2025-08-12/cam1/cam1_2025-08-12_16-45-37.jpg,cameras/cam1/image,4009
2025-08-12_16-49-50,cam1,received_images/2025-08-12/cam1/cam1_2025-08-12_16-49-50.jpg,cameras/cam1/image,3065
2025-08-12_16-50-07,cam1,received_images/2025-08-12/cam1/cam1_2025-08-12_16-50-07.jpg,cameras/cam1/image,3069
2025-08-12_16-50-41,cam1,received_images/2025-08-12/cam1/cam1_2025-08-12_16-50-41.jpg,cameras/cam1/image,3999
2025-08-12_16-51-13,cam1,received_images/2025-08-12/cam1/cam1_2025-08-12_16-51-13.jpg,cameras/cam1/image,5906
2025-08-12_16-51-18,cam1,received_images/2025-08-12/cam1/cam1_2025-08-12_16-51-18.jpg,cameras/cam1/image,3062
2025-08-12_16-51-34,cam1,received_images/2025-08-12/cam1/cam1_2025-08-12_16-51-34.jpg,cameras/cam1/image,4965
2025-08-12_16-51-59,cam1,received_images/2025-08-12/cam1/cam1_2025-08-12_16-51-59.jpg,cameras/cam1/image,2988
2025-08-12_17-21-29,cam1,received_images/2025-08-12/cam1/cam1_2025-08-12_17-21-29.jpg,cameras/cam1/image,3040
2025-08-12_17-22-35,cam1,received_images/2025-08-12/cam1/cam1_2025-08-12_17-22-35.jpg,cameras/cam1/image,4077
2025-08-12_17-23-16,cam1,received_images/2025-08-12/cam1/cam1_2025-08-12_17-23-16.jpg,cameras/cam1/image,4041
2025-08-12_17-23-40,cam1,received_images/2025-08-12/cam1/cam1_2025-08-12_17-23-40.jpg,cameras/cam1/image,3059
2025-08-12_17-23-46,cam1,received_images/2025-08-12/cam1/cam1_2025-08-12_17-23-46.jpg,cameras/cam1/image,3047
2025-08-12_17-28-30,cam1,received_images/2025-08-12/cam1/cam1_2025-08-12_17-28-30.jpg,cameras/cam1/image,3063
2025-08-13_08-19-08,cam1,received_images/2025-08-13/cam1/cam1_2025-08-13_08-19-08.jpg,cameras/cam1/image,4039
2025-08-13_08-19-52,cam1,received_images/2025-08-13/cam1/cam1_2025-08-13_08-19-52.jpg,cameras/cam1/image,3966
2025-08-13_08-22-32,cam1,received_images/2025-08-13/cam1/cam1_2025-08-13_08-22-32.jpg,cameras/cam1/image,3039
2025-08-13_08-22-40,cam1,received_images/2025-08-13/cam1/cam1_2025-08-13_08-22-40.jpg,cameras/cam1/image,3030
2025-08-13_08-23-45,cam1,received_images/2025-08-13/cam1/cam1_2025-08-13_08-23-45.jpg,cameras/cam1/image,2984
2025-08-13_08-23-49,cam1,received_images/2025-08-13/cam1/cam1_2025-08-13_08-23-49.jpg,cameras/cam1/image,3833
2025-08-13_08-23-53,cam1,received_images/2025-08-13/cam1/cam1_2025-08-13_08-23-53.jpg,cameras/cam1/image,3833
2025-08-13_08-24-00,cam1,received_images/2025-08-13/cam1/cam1_2025-08-13_08-24-00.jpg,cameras/cam1/image,3833
2025-08-13_08-25-16,cam1,received_images/2025-08-13/cam1/cam1_2025-08-13_08-25-16.jpg,cameras/cam1/image,3027
2025-08-13_08-25-21,cam1,received_images/2025-08-13/cam1/cam1_2025-08-13_08-25-21.jpg,cameras/cam1/image,3039
2025-08-13_08-25-51,cam1,received_images/2025-08-13/cam1/cam1_2025-08-13_08-25-51.jpg,cameras/cam1/image,3996
2025-08-13_08-28-45,cam1,received_images/2025-08-13/cam1/cam1_2025-08-13_08-28-45.jpg,cameras/cam1/image,3063
2025-08-13_08-28-52,cam1,received_images/2025-08-13/cam1/cam1_2025-08-13_08-28-52.jpg,cameras/cam1/image,3059
2025-08-13_08-29-03,cam1,received_images/2025-08-13/cam1/cam1_2025-08-13_08-29-03.jpg,cameras/cam1/image,4993
2025-08-13_08-29-25,cam1,received_images/2025-08-13/cam1/cam1_2025-08-13_08-29-25.jpg,cameras/cam1/image,3043
2025-08-13_10-04-04,cam1,received_images/2025-08-13/cam1/cam1_2025-08-13_10-04-04.jpg,cameras/cam1/image,4095
2025-08-13_10-04-40,cam1,received_images/2025-08-13/cam1/cam1_2025-08-13_10-04-40.jpg,cameras/cam1/image,3062
2025-08-13_10-04-53,cam1,received_images/2025-08-13/cam1/cam1_2025-08-13_10-04-53.jpg,cameras/cam1/image,3993
2025-08-13_10-05-34,cam1,received_images/2025-08-13/cam1/cam1_2025-08-13_10-05-34.jpg,cameras/cam1/image,4090
2025-08-13_10-05-48,cam1,received_images/2025-08-13/cam1/cam1_2025-08-13_10-05-48.jpg,cameras/cam1/image,4082
2025-08-13_14-05-33,cam1,received_images/2025-08-13/cam1/cam1_2025-08-13_14-05-33.jpg,cameras/cam1/image,4081
2025-08-13_14-10-17,cam1,received_images/2025-08-13/cam1/cam1_2025-08-13_14-10-17.jpg,cameras/cam1/image,3064
2025-08-13_14-10-31,cam1,received_images/2025-08-13/cam1/cam1_2025-08-13_14-10-31.jpg,cameras/cam1/image,5922
2025-08-13_14-12-09,cam1,received_images/2025-08-13/cam1/cam1_2025-08-13_14-12-09.jpg,cameras/cam1/image,4058
2025-08-13_14-15-42,cam1,received_images/2025-08-13/cam1/cam1_2025-08-13_14-15-42.jpg,cameras/cam1/image,3790
2025-08-13_14-16-43,cam1,received_images/2025-08-13/cam1/cam1_2025-08-13_14-16-43.jpg,cameras/cam1/image,4096
2025-08-13_14-18-15,cam1,received_images/2025-08-13/cam1/cam1_2025-08-13_14-18-15.jpg,cameras/cam1/image,5055
2025-08-13_14-18-23,cam1,received_images/2025-08-13/cam1/cam1_2025-08-13_14-18-23.jpg,cameras/cam1/image,5055
2025-08-13_14-18-32,cam1,received_images/2025-08-13/cam1/cam1_2025-08-13_14-18-32.jpg,cameras/cam1/image,4852
2025-08-13_14-19-07,cam1,received_images/2025-08-13/cam1/cam1_2025-08-13_14-19-07.jpg,cameras/cam1/image,5026
2025-08-13_14-19-27,cam1,received_images/2025-08-13/cam1/cam1_2025-08-13_14-19-27.jpg,cameras/cam1/image,5083
2025-08-13_14-19-41,cam1,received_images/2025-08-13/cam1/cam1_2025-08-13_14-19-41.jpg,cameras/cam1/image,4008
2025-08-13_14-19-47,cam1,received_images/2025-08-13/cam1/cam1_2025-08-13_14-19-47.jpg,cameras/cam1/image,4008
2025-08-13_14-20-07,cam1,received_images/2025-08-13/cam1/cam1_2025-08-13_14-20-07.jpg,cameras/cam1/image,5033
2025-08-13_14-20-16,cam1,received_images/2025-08-13/cam1/cam1_2025-08-13_14-20-16.jpg,cameras/cam1/image,5033
2025-08-13_14-20-21,cam1,received_images/2025-08-13/cam1/cam1_2025-08-13_14-20-21.jpg,cameras/cam1/image,5006
2025-08-13_15-41-33,cam1,received_images/2025-08-13/cam1/cam1_2025-08-13_15-41-33.jpg,cameras/cam1/image,4074
2025-08-13_15-42-51,cam1,received_images/2025-08-13/cam1/cam1_2025-08-13_15-42-51.jpg,cameras/cam1/image,4003
2025-08-13_15-43-18,cam1,received_images/2025-08-13/cam1/cam1_2025-08-13_15-43-18.jpg,cameras/cam1/image,4014
2025-08-13_15-43-41,cam1,received_images/2025-08-13/cam1/cam1_2025-08-13_15-43-41.jpg,cameras/cam1/image,3026
2025-08-13_15-45-21,cam1,received_images/2025-08-13/cam1/cam1_2025-08-13_15-45-21.jpg,cameras/cam1/image,3947
2025-08-13_15-45-45,cam1,received_images/2025-08-13/cam1/cam1_2025-08-13_15-45-45.jpg,cameras/cam1/image,3947
2025-08-13_15-46-03,cam1,received_images/2025-08-13/cam1/cam1_2025-08-13_15-46-03.jpg,cameras/cam1/image,3947
2025-08-13_15-48-51,cam1,received_images/2025-08-13/cam1/cam1_2025-08-13_15-48-51.jpg,cameras/cam1/image,4836
2025-08-13_15-51-15,cam1,received_images/2025-08-13/cam1/cam1_2025-08-13_15-51-15.jpg,cameras/cam1/image,4073
2025-08-13_15-51-57,cam1,received_images/2025-08-13/cam1/cam1_2025-08-13_15-51-57.jpg,cameras/cam1/image,3933
2025-08-13_16-33-20,cam1,received_images/2025-08-13/cam1/cam1_2025-08-13_16-33-20.jpg,cameras/cam1/image,4626
2025-08-13_16-33-31,cam1,received_images/2025-08-13/cam1/cam1_2025-08-13_16-33-31.jpg,cameras/cam1/image,4031
2025-08-13_16-33-57,cam1,received_images/2025-08-13/cam1/cam1_2025-08-13_16-33-57.jpg,cameras/cam1/image,5106
2025-08-13_16-34-45,cam1,received_images/2025-08-13/cam1/cam1_2025-08-13_16-34-45.jpg,cameras/cam1/image,5029
2025-08-13_16-34-52,cam1,received_images/2025-08-13/cam1/cam1_2025-08-13_16-34-52.jpg,cameras/cam1/image,4022
2025-08-13_16-35-23,cam1,received_images/2025-08-13/cam1/cam1_2025-08-13_16-35-23.jpg,cameras/cam1/image,4086
2025-08-13_16-35-30,cam1,received_images/2025-08-13/cam1/cam1_2025-08-13_16-35-30.jpg,cameras/cam1/image,5037
2025-08-13_16-35-35,cam1,received_images/2025-08-13/cam1/cam1_2025-08-13_16-35-35.jpg,cameras/cam1/image,4038
2025-08-13_16-36-18,cam1,received_images/2025-08-13/cam1/cam1_2025-08-13_16-36-18.jpg,cameras/cam1/image,5049
2025-08-13_16-37-08,cam1,received_images/2025-08-13/cam1/cam1_2025-08-13_16-37-08.jpg,cameras/cam1/image,5100
2025-08-13_16-37-33,cam1,received_images/2025-08-13/cam1/cam1_2025-08-13_16-37-33.jpg,cameras/cam1/image,5101
2025-08-13_16-38-01,cam1,received_images/2025-08-13/cam1/cam1_2025-08-13_16-38-01.jpg,cameras/cam1/image,3949
2025-08-13_16-38-11,cam1,received_images/2025-08-13/cam1/cam1_2025-08-13_16-38-11.jpg,cameras/cam1/image,5869
2025-08-13_16-38-16,cam1,received_images/2025-08-13/cam1/cam1_2025-08-13_16-38-16.jpg,cameras/cam1/image,5964
2025-08-13_16-38-47,cam1,received_images/2025-08-13/cam1/cam1_2025-08-13_16-38-47.jpg,cameras/cam1/image,5042
2025-08-13_16-38-53,cam1,received_images/2025-08-13/cam1/cam1_2025-08-13_16-38-53.jpg,cameras/cam1/image,5042
2025-08-13_16-39-20,cam1,received_images/2025-08-13/cam1/cam1_2025-08-13_16-39-20.jpg,cameras/cam1/image,5084
2025-08-13_16-39-25,cam1,received_images/2025-08-13/cam1/cam1_2025-08-13_16-39-25.jpg,cameras/cam1/image,5917
2025-08-13_16-51-38,cam1,received_images/2025-08-13/cam1/cam1_2025-08-13_16-51-38.jpg,cameras/cam1/image,4048
2025-08-13_16-51-58,cam1,received_images/2025-08-13/cam1/cam1_2025-08-13_16-51-58.jpg,cameras/cam1/image,4066
2025-08-13_16-52-07,cam1,received_images/2025-08-13/cam1/cam1_2025-08-13_16-52-07.jpg,cameras/cam1/image,3059
2025-08-13_16-52-14,cam1,received_images/2025-08-13/cam1/cam1_2025-08-13_16-52-14.jpg,cameras/cam1/image,4920
2025-08-13_16-52-20,cam1,received_images/2025-08-13/cam1/cam1_2025-08-13_16-52-20.jpg,cameras/cam1/image,3061
2025-08-13_16-53-05,cam1,received_images/2025-08-13/cam1/cam1_2025-08-13_16-53-05.jpg,cameras/cam1/image,3040
2025-08-13_16-53-37,cam1,received_images/2025-08-13/cam1/cam1_2025-08-13_16-53-37.jpg,cameras/cam1/image,3051
2025-08-13_16-54-34,cam1,received_images/2025-08-13/cam1/cam1_2025-08-13_16-54-34.jpg,cameras/cam1/image,3692
2025-08-13_16-55-25,cam1,received_images/2025-08-13/cam1/cam1_2025-08-13_16-55-25.jpg,cameras/cam1/image,3022
2025-08-13_16-55-26,cam1,received_images/2025-08-13/cam1/cam1_2025-08-13_16-55-26.jpg,cameras/cam1/image,3022
2025-08-13_16-56-11,cam1,received_images/2025-08-13/cam1/cam1_2025-08-13_16-56-11.jpg,cameras/cam1/image,3066
2025-08-13_16-56-18,cam1,received_images/2025-08-13/cam1/cam1_2025-08-13_16-56-18.jpg,cameras/cam1/image,4928
2025-08-13_16-56-20,cam1,received_images/2025-08-13/cam1/cam1_2025-08-13_16-56-20.jpg,cameras/cam1/image,3012
2025-08-13_16-56-38,cam1,received_images/2025-08-13/cam1/cam1_2025-08-13_16-56-38.jpg,cameras/cam1/image,3038
2025-08-13_16-56-41,cam1,received_images/2025-08-13/cam1/cam1_2025-08-13_16-56-41.jpg,cameras/cam1/image,4028
2025-08-13_16-56-42,cam1,received_images/2025-08-13/cam1/cam1_2025-08-13_16-56-42.jpg,cameras/cam1/image,3063
2025-08-13_16-56-52,cam1,received_images/2025-08-13/cam1/cam1_2025-08-13_16-56-52.jpg,cameras/cam1/image,4028
2025-08-13_16-57-10,cam1,received_images/2025-08-13/cam1/cam1_2025-08-13_16-57-10.jpg,cameras/cam1/image,3061
2025-08-19_17-26-41,cam1,received_images/2025-08-19/cam1/cam1_2025-08-19_17-26-41.jpg,cameras/cam1/image,4067
2025-08-19_17-27-28,cam1,received_images/2025-08-19/cam1/cam1_2025-08-19_17-27-28.jpg,cameras/cam1/image,4033
2025-08-19_17-27-38,cam1,received_images/2025-08-19/cam1/cam1_2025-08-19_17-27-38.jpg,cameras/cam1/image,2996
2025-08-19_17-27-46,cam1,received_images/2025-08-19/cam1/cam1_2025-08-19_17-27-46.jpg,cameras/cam1/image,5092
2025-08-19_17-27-54,cam1,received_images/2025-08-19/cam1/cam1_2025-08-19_17-27-54.jpg,cameras/cam1/image,5838
2025-08-19_17-28-02,cam1,received_images/2025-08-19/cam1/cam1_2025-08-19_17-28-02.jpg,cameras/cam1/image,5911
2025-08-19_17-28-30,cam1,received_images/2025-08-19/cam1/cam1_2025-08-19_17-28-30.jpg,cameras/cam1/image,5048
2025-08-19_17-29-07,cam1,received_images/2025-08-19/cam1/cam1_2025-08-19_17-29-07.jpg,cameras/cam1/image,5027
2025-08-19_17-29-13,cam1,received_images/2025-08-19/cam1/cam1_2025-08-19_17-29-13.jpg,cameras/cam1/image,5027
2025-08-20_08-52-31,cam1,received_images/2025-08-20/cam1/cam1_2025-08-20_08-52-31.jpg,cameras/cam1/image,3063
2025-08-20_08-52-49,cam1,received_images/2025-08-20/cam1/cam1_2025-08-20_08-52-49.jpg,cameras/cam1/image,4902
2025-08-20_08-52-58,cam1,received_images/2025-08-20/cam1/cam1_2025-08-20_08-52-58.jpg,cameras/cam1/image,5068
2025-08-20_08-53-04,cam1,received_images/2025-08-20/cam1/cam1_2025-08-20_08-53-04.jpg,cameras/cam1/image,4065
2025-08-20_08-53-10,cam1,received_images/2025-08-20/cam1/cam1_2025-08-20_08-53-10.jpg,cameras/cam1/image,4065
2025-08-20_08-53-16,cam1,received_images/2025-08-20/cam1/cam1_2025-08-20_08-53-16.jpg,cameras/cam1/image,4090
2025-08-20_08-53-24,cam1,received_images/2025-08-20/cam1/cam1_2025-08-20_08-53-24.jpg,cameras/cam1/image,4091
2025-08-20_08-53-31,cam1,received_images/2025-08-20/cam1/cam1_2025-08-20_08-53-31.jpg,cameras/cam1/image,5586
2025-08-20_08-53-37,cam1,received_images/2025-08-20/cam1/cam1_2025-08-20_08-53-37.jpg,cameras/cam1/image,5701
2025-08-20_08-53-42,cam1,received_images/2025-08-20/cam1/cam1_2025-08-20_08-53-42.jpg,cameras/cam1/image,5066
2025-08-20_08-53-46,cam1,received_images/2025-08-20/cam1/cam1_2025-08-20_08-53-46.jpg,cameras/cam1/image,5066
2025-08-20_08-53-51,cam1,received_images/2025-08-20/cam1/cam1_2025-08-20_08-53-51.jpg,cameras/cam1/image,5701
2025-08-20_09-04-37,cam1,received_images/2025-08-20/cam1/cam1_2025-08-20_09-04-37.jpg,cameras/cam1/image,5112
2025-08-20_09-04-48,cam1,received_images/2025-08-20/cam1/cam1_2025-08-20_09-04-48.jpg,cameras/cam1/image,5090
2025-08-20_09-07-51,cam1,received_images/2025-08-20/cam1/cam1_2025-08-20_09-07-51.jpg,cameras/cam1/image,4066
2025-08-20_09-08-39,cam1,received_images/2025-08-20/cam1/cam1_2025-08-20_09-08-39.jpg,cameras/cam1/image,3980
2025-08-20_09-08-56,cam1,received_images/2025-08-20/cam1/cam1_2025-08-20_09-08-56.jpg,cameras/cam1/image,5090
2025-08-20_09-09-46,cam1,received_images/2025-08-20/cam1/cam1_2025-08-20_09-09-46.jpg,cameras/cam1/image,5090
2025-08-20_09-10-17,cam1,received_images/2025-08-20/cam1/cam1_2025-08-20_09-10-17.jpg,cameras/cam1/image,5068
2025-08-20_09-10-49,cam1,received_images/2025-08-20/cam1/cam1_2025-08-20_09-10-49.jpg,cameras/cam1/image,5107
2025-08-20_14-15-07,cam1,received_images/2025-08-20/cam1/cam1_2025-08-20_14-15-07.jpg,cameras/cam1/image,4064
2025-08-20_14-15-23,cam1,received_images/2025-08-20/cam1/cam1_2025-08-20_14-15-23.jpg,cameras/cam1/image,3804
2025-08-20_14-15-35,cam1,received_images/2025-08-20/cam1/cam1_2025-08-20_14-15-35.jpg,cameras/cam1/image,5004
2025-08-20_14-17-06,cam1,received_images/2025-08-20/cam1/cam1_2025-08-20_14-17-06.jpg,cameras/cam1/image,5071
2025-08-20_14-22-35,cam1,received_images/2025-08-20/cam1/cam1_2025-08-20_14-22-35.jpg,cameras/cam1/image,3064
2025-08-20_14-23-15,cam1,received_images/2025-08-20/cam1/cam1_2025-08-20_14-23-15.jpg,cameras/cam1/image,2009
2025-08-20_14-53-18,cam2,received_images/2025-08-20/cam2/cam2_2025-08-20_14-53-18.jpg,cameras/cam2/image,3066
2025-08-20_14-53-23,cam1,received_images/2025-08-20/cam1/cam1_2025-08-20_14-53-23.jpg,cameras/cam1/image,3036
2025-08-20_14-53-43,cam1,received_images/2025-08-20/cam1/cam1_2025-08-20_14-53-43.jpg,cameras/cam1/image,3036
2025-08-20_14-53-50,cam2,received_images/2025-08-20/cam2/cam2_2025-08-20_14-53-50.jpg,cameras/cam2/image,3066
2025-08-20_14-54-01,cam1,received_images/2025-08-20/cam1/cam1_2025-08-20_14-54-01.jpg,cameras/cam1/image,3036
2025-08-20_14-56-17,cam1,received_images/2025-08-20/cam1/cam1_2025-08-20_14-56-17.jpg,cameras/cam1/image,3036
2025-08-20_14-56-30,cam2,received_images/2025-08-20/cam2/cam2_2025-08-20_14-56-30.jpg,cameras/cam2/image,3066
2025-08-21_08-37-26,cam2,received_images/2025-08-21/cam2/cam2_2025-08-21_08-37-26.jpg,cameras/cam2/image,3922
2025-08-21_08-39-06,cam1,received_images/2025-08-21/cam1/cam1_2025-08-21_08-39-06.jpg,cameras/cam1/image,5109
2025-08-21_08-39-32,cam2,received_images/2025-08-21/cam2/cam2_2025-08-21_08-39-32.jpg,cameras/cam2/image,3063
2025-08-21_08-40-42,cam2,received_images/2025-08-21/cam2/cam2_2025-08-21_08-40-42.jpg,cameras/cam2/image,3063
2025-08-21_08-41-18,cam1,received_images/2025-08-21/cam1/cam1_2025-08-21_08-41-18.jpg,cameras/cam1/image,2957
2025-08-21_08-42-34,cam1,received_images/2025-08-21/cam1/cam1_2025-08-21_08-42-34.jpg,cameras/cam1/image,2957
2025-08-21_08-42-43,cam2,received_images/2025-08-21/cam2/cam2_2025-08-21_08-42-43.jpg,cameras/cam2/image,3063
2025-08-21_08-48-36,cam1,received_images/2025-08-21/cam1/cam1_2025-08-21_08-48-36.jpg,cameras/cam1/image,3014
2025-08-21_08-49-10,cam2,received_images/2025-08-21/cam2/cam2_2025-08-21_08-49-10.jpg,cameras/cam2/image,2980
2025-08-21_08-49-25,cam2,received_images/2025-08-21/cam2/cam2_2025-08-21_08-49-25.jpg,cameras/cam2/image,5059
2025-08-21_08-50-19,cam2,received_images/2025-08-21/cam2/cam2_2025-08-21_08-50-19.jpg,cameras/cam2/image,5738
2025-08-21_09-00-02,cam1,received_images/2025-08-21/cam1/cam1_2025-08-21_09-00-02.jpg,cameras/cam1/image,4017
2025-08-21_09-05-22,cam2,received_images/2025-08-21/cam2/cam2_2025-08-21_09-05-22.jpg,cameras/cam2/image,2872
2025-08-21_09-05-41,cam2,received_images/2025-08-21/cam2/cam2_2025-08-21_09-05-41.jpg,cameras/cam2/image,2872
2025-08-21_09-06-21,cam2,received_images/2025-08-21/cam2/cam2_2025-08-21_09-06-21.jpg,cameras/cam2/image,3049
2025-08-21_09-06-55,cam2,received_images/2025-08-21/cam2/cam2_2025-08-21_09-06-55.jpg,cameras/cam2/image,3049
2025-08-21_09-07-29,cam2,received_images/2025-08-21/cam2/cam2_2025-08-21_09-07-29.jpg,cameras/cam2/image,3033
2025-08-21_09-14-03,cam2,received_images/2025-08-21/cam2/cam2_2025-08-21_09-14-03.jpg,cameras/cam2/image,2951
2025-08-21_09-16-02,cam2,received_images/2025-08-21/cam2/cam2_2025-08-21_09-16-02.jpg,cameras/cam2/image,2951
2025-08-21_09-16-15,cam2,received_images/2025-08-21/cam2/cam2_2025-08-21_09-16-15.jpg,cameras/cam2/image,5079
2025-08-21_09-16-37,cam2,received_images/2025-08-21/cam2/cam2_2025-08-21_09-16-37.jpg,cameras/cam2/image,5005
2025-08-21_09-17-04,cam2,received_images/2025-08-21/cam2/cam2_2025-08-21_09-17-04.jpg,cameras/cam2/image,2925
2025-08-21_09-17-28,cam2,received_images/2025-08-21/cam2/cam2_2025-08-21_09-17-28.jpg,cameras/cam2/image,5109
2025-08-21_09-17-42,cam2,received_images/2025-08-21/cam2/cam2_2025-08-21_09-17-42.jpg,cameras/cam2/image,5113
2025-08-21_09-17-54,cam2,received_images/2025-08-21/cam2/cam2_2025-08-21_09-17-54.jpg,cameras/cam2/image,5113
2025-08-21_09-18-06,cam2,received_images/2025-08-21/cam2/cam2_2025-08-21_09-18-06.jpg,cameras/cam2/image,5113
2025-08-21_09-18-13,cam2,received_images/2025-08-21/cam2/cam2_2025-08-21_09-18-13.jpg,cameras/cam2/image,5113
2025-08-21_09-18-52,cam2,received_images/2025-08-21/cam2/cam2_2025-08-21_09-18-52.jpg,cameras/cam2/image,5094
2025-08-21_09-22-06,cam2,received_images/2025-08-21/cam2/cam2_2025-08-21_09-22-06.jpg,cameras/cam2/image,4855
2025-08-21_09-22-24,cam2,received_images/2025-08-21/cam2/cam2_2025-08-21_09-22-24.jpg,cameras/cam2/image,4075
2025-08-21_09-22-32,cam2,received_images/2025-08-21/cam2/cam2_2025-08-21_09-22-32.jpg,cameras/cam2/image,4065
2025-08-21_09-22-59,cam2,received_images/2025-08-21/cam2/cam2_2025-08-21_09-22-59.jpg,cameras/cam2/image,5074
2025-08-21_09-47-15,cam2,received_images/2025-08-21/cam2/cam2_2025-08-21_09-47-15.jpg,cameras/cam2/image,1751
2025-08-21_09-47-42,cam2,received_images/2025-08-21/cam2/cam2_2025-08-21_09-47-42.jpg,cameras/cam2/image,2018
2025-08-21_09-47-52,cam2,received_images/2025-08-21/cam2/cam2_2025-08-21_09-47-52.jpg,cameras/cam2/image,1986
2025-08-21_09-47-58,cam2,received_images/2025-08-21/cam2/cam2_2025-08-21_09-47-58.jpg,cameras/cam2/image,2528
2025-08-21_10-09-31,cam2,received_images/2025-08-21/cam2/cam2_2025-08-21_10-09-31.jpg,cameras/cam2/image,1769
2025-08-21_10-10-48,cam2,received_images/2025-08-21/cam2/cam2_2025-08-21_10-10-48.jpg,cameras/cam2/image,3008
2025-08-21_10-10-55,cam2,received_images/2025-08-21/cam2/cam2_2025-08-21_10-10-55.jpg,cameras/cam2/image,4087
2025-08-21_10-11-08,cam2,received_images/2025-08-21/cam2/cam2_2025-08-21_10-11-08.jpg,cameras/cam2/image,3008
2025-08-21_10-11-33,cam2,received_images/2025-08-21/cam2/cam2_2025-08-21_10-11-33.jpg,cameras/cam2/image,5686
2025-08-21_10-12-11,cam1,received_images/2025-08-21/cam1/cam1_2025-08-21_10-12-11.jpg,cameras/cam1/image,3049
2025-08-21_10-20-19,cam2,received_images/2025-08-21/cam2/cam2_2025-08-21_10-20-19.jpg,cameras/cam2/image,5110
2025-08-21_16-00-44,cam2,received_images/2025-08-21/cam2/cam2_2025-08-21_16-00-44.jpg,cameras/cam2/image,5832
2025-08-21_16-01-10,cam2,received_images/2025-08-21/cam2/cam2_2025-08-21_16-01-10.jpg,cameras/cam2/image,5832
2025-08-21_16-02-46,cam2,received_images/2025-08-21/cam2/cam2_2025-08-21_16-02-46.jpg,cameras/cam2/image,5110
2025-08-21_16-03-37,cam2,received_images/2025-08-21/cam2/cam2_2025-08-21_16-03-37.jpg,cameras/cam2/image,5101
2025-08-21_16-04-17,cam2,received_images/2025-08-21/cam2/cam2_2025-08-21_16-04-17.jpg,cameras/cam2/image,5091
2025-08-21_16-04-35,cam2,received_images/2025-08-21/cam2/cam2_2025-08-21_16-04-35.jpg,cameras/cam2/image,5083
2025-08-21_16-04-51,cam2,received_images/2025-08-21/cam2/cam2_2025-08-21_16-04-51.jpg,cameras/cam2/image,5105
2025-08-21_16-05-17,cam2,received_images/2025-08-21/cam2/cam2_2025-08-21_16-05-17.jpg,cameras/cam2/image,5091
2025-08-21_16-06-14,cam2,received_images/2025-08-21/cam2/cam2_2025-08-21_16-06-14.jpg,cameras/cam2/image,5115
2025-08-21_16-06-37,cam2,received_images/2025-08-21/cam2/cam2_2025-08-21_16-06-37.jpg,cameras/cam2/image,5078
2025-08-21_16-14-13,cam2,received_images/2025-08-21/cam2/cam2_2025-08-21_16-14-13.jpg,cameras/cam2/image,5071
2025-08-21_16-14-34,cam2,received_images/2025-08-21/cam2/cam2_2025-08-21_16-14-34.jpg,cameras/cam2/image,5109
2025-08-21_16-14-57,cam2,received_images/2025-08-21/cam2/cam2_2025-08-21_16-14-57.jpg,cameras/cam2/image,5092
2025-08-21_16-15-28,cam2,received_images/2025-08-21/cam2/cam2_2025-08-21_16-15-28.jpg,cameras/cam2/image,5078
2025-08-21_16-18-51,cam2,received_images/2025-08-21/cam2/cam2_2025-08-21_16-18-51.jpg,cameras/cam2/image,5088
2025-08-21_16-21-06,cam2,received_images/2025-08-21/cam2/cam2_2025-08-21_16-21-06.jpg,cameras/cam2/image,5106
2025-08-21_16-25-45,cam2,received_images/2025-08-21/cam2/cam2_2025-08-21_16-25-45.jpg,cameras/cam2/image,5106
2025-08-21_17-24-28,cam1,received_images/2025-08-21/cam1/cam1_2025-08-21_17-24-28.jpg,cameras/cam1/image,4015
2025-08-21_17-24-46,cam2,received_images/2025-08-21/cam2/cam2_2025-08-21_17-24-46.jpg,cameras/cam2/image,5807
2025-08-21_17-25-03,cam1,received_images/2025-08-21/cam1/cam1_2025-08-21_17-25-03.jpg,cameras/cam1/image,4015
2025-08-21_17-25-09,cam2,received_images/2025-08-21/cam2/cam2_2025-08-21_17-25-09.jpg,cameras/cam2/image,5097
2025-08-21_17-25-36,cam1,received_images/2025-08-21/cam1/cam1_2025-08-21_17-25-36.jpg,cameras/cam1/image,3046
2025-08-21_17-25-51,cam1,received_images/2025-08-21/cam1/cam1_2025-08-21_17-25-51.jpg,cameras/cam1/image,5110
2025-08-22_11-25-44,cam2,received_images/2025-08-22/cam2/cam2_2025-08-22_11-25-44.jpg,cameras/cam2/image,5103
2025-08-22_11-55-58,cam2,received_images/2025-08-22/cam2/cam2_2025-08-22_11-55-58.jpg,cameras/cam2/image,5086
2025-08-22_12-00-49,cam2,received_images/2025-08-22/cam2/cam2_2025-08-22_12-00-49.jpg,cameras/cam2/image,5086
2025-08-22_12-03-28,cam2,received_images/2025-08-22/cam2/cam2_2025-08-22_12-03-28.jpg,cameras/cam2/image,5086
2025-08-22_12-14-41,cam2,received_images/2025-08-22/cam2/cam2_2025-08-22_12-14-41.jpg,cameras/cam2/image,5116
2025-08-22_12-15-48,cam2,received_images/2025-08-22/cam2/cam2_2025-08-22_12-15-48.jpg,cameras/cam2/image,5116
2025-08-22_12-16-46,cam2,received_images/2025-08-22/cam2/cam2_2025-08-22_12-16-46.jpg,cameras/cam2/image,5116
2025-08-22_13-42-17,cam2,received_images/2025-08-22/cam2/cam2_2025-08-22_13-42-17.jpg,cameras/cam2/image,4857
2025-08-22_13-43-24,cam2,received_images/2025-08-22/cam2/cam2_2025-08-22_13-43-24.jpg,cameras/cam2/image,4092
2025-08-26_12-06-21,cam2,received_images/2025-08-26/cam2/cam2_2025-08-26_12-06-21.jpg,cameras/cam2/image,5917
2025-08-26_12-11-12,cam2,received_images/2025-08-26/cam2/cam2_2025-08-26_12-11-12.jpg,cameras/cam2/image,4990
2025-08-26_12-13-04,cam2,received_images/2025-08-26/cam2/cam2_2025-08-26_12-13-04.jpg,cameras/cam2/image,4990
2025-08-26_12-18-05,cam2,received_images/2025-08-26/cam2/cam2_2025-08-26_12-18-05.jpg,cameras/cam2/image,4990
2025-08-26_13-44-18,cam2,received_images/2025-08-26/cam2/cam2_2025-08-26_13-44-18.jpg,cameras/cam2/image,5114
2025-08-26_13-44-57,cam2,received_images/2025-08-26/cam2/cam2_2025-08-26_13-44-57.jpg,cameras/cam2/image,5114
2025-08-26_13-46-25,cam2,received_images/2025-08-26/cam2/cam2_2025-08-26_13-46-25.jpg,cameras/cam2/image,5101
2025-08-26_13-55-02,cam2,received_images/2025-08-26/cam2/cam2_2025-08-26_13-55-02.jpg,cameras/cam2/image,5113
2025-08-26_13-58-29,cam2,received_images/2025-08-26/cam2/cam2_2025-08-26_13-58-29.jpg,cameras/cam2/image,5116
2025-08-26_14-03-10,cam2,received_images/2025-08-26/cam2/cam2_2025-08-26_14-03-10.jpg,cameras/cam2/image,5116
2025-08-26_14-07-30,cam2,received_images/2025-08-26/cam2/cam2_2025-08-26_14-07-30.jpg,cameras/cam2/image,5116
2025-08-26_14-20-40,cam2,received_images/2025-08-26/cam2/cam2_2025-08-26_14-20-40.jpg,cameras/cam2/image,5114
2025-08-26_14-21-09,cam2,received_images/2025-08-26/cam2/cam2_2025-08-26_14-21-09.jpg,cameras/cam2/image,5114
2025-08-26_14-29-23,cam2,received_images/2025-08-26/cam2/cam2_2025-08-26_14-29-23.jpg,cameras/cam2/image,5118
2025-08-26_14-47-19,cam2,received_images/2025-08-26/cam2/cam2_2025-08-26_14-47-19.jpg,cameras/cam2/image,5118
2025-08-26_14-47-50,cam2,received_images/2025-08-26/cam2/cam2_2025-08-26_14-47-50.jpg,cameras/cam2/image,5118
2025-08-26_14-56-54,cam2,received_images/2025-08-26/cam2/cam2_2025-08-26_14-56-54.jpg,cameras/cam2/image,5104
2025-08-26_14-59-57,cam2,received_images/2025-08-26/cam2/cam2_2025-08-26_14-59-57.jpg,cameras/cam2/image,5104
2025-08-26_15-00-34,cam2,received_images/2025-08-26/cam2/cam2_2025-08-26_15-00-34.jpg,cameras/cam2/image,5104
2025-08-26_15-13-25,cam2,received_images/2025-08-26/cam2/cam2_2025-08-26_15-13-25.jpg,cameras/cam2/image,5104
2025-08-26_16-01-34,cam2,received_images/2025-08-26/cam2/cam2_2025-08-26_16-01-34.jpg,cameras/cam2/image,5056
2025-08-26_16-03-03,cam2,received_images/2025-08-26/cam2/cam2_2025-08-26_16-03-03.jpg,cameras/cam2/image,5056
2025-08-26_16-14-20,cam2,received_images/2025-08-26/cam2/cam2_2025-08-26_16-14-20.jpg,cameras/cam2/image,5056
2025-08-27_09-01-22,cam2,received_images/2025-08-27/cam2/cam2_2025-08-27_09-01-22.jpg,cameras/cam2/image,5069
2025-08-27_09-02-00,cam2,received_images/2025-08-27/cam2/cam2_2025-08-27_09-02-00.jpg,cameras/cam2/image,5069
2025-08-27_09-06-44,cam2,received_images/2025-08-27/cam2/cam2_2025-08-27_09-06-44.jpg,cameras/cam2/image,5069
2025-08-27_09-08-15,cam2,received_images/2025-08-27/cam2/cam2_2025-08-27_09-08-15.jpg,cameras/cam2/image,5069
2025-08-27_09-08-57,cam2,received_images/2025-08-27/cam2/cam2_2025-08-27_09-08-57.jpg,cameras/cam2/image,5069
2025-08-27_09-31-15,cam2,received_images/2025-08-27/cam2/cam2_2025-08-27_09-31-15.jpg,cameras/cam2/image,5069
2025-08-27_09-32-50,cam2,received_images/2025-08-27/cam2/cam2_2025-08-27_09-32-50.jpg,cameras/cam2/image,5069
2025-08-27_09-36-59,cam2,received_images/2025-08-27/cam2/cam2_2025-08-27_09-36-59.jpg,cameras/cam2/image,5069
2025-08-27_09-42-09,cam2,received_images/2025-08-27/cam2/cam2_2025-08-27_09-42-09.jpg,cameras/cam2/image,5069
2025-08-27_09-43-57,cam2,received_images/2025-08-27/cam2/cam2_2025-08-27_09-43-57.jpg,cameras/cam2/image,5069
2025-08-27_09-45-07,cam2,received_images/2025-08-27/cam2/cam2_2025-08-27_09-45-07.jpg,cameras/cam2/image,5069
2025-08-27_09-47-13,cam2,received_images/2025-08-27/cam2/cam2_2025-08-27_09-47-13.jpg,cameras/cam2/image,5069
2025-08-27_09-49-13,cam2,received_images/2025-08-27/cam2/cam2_2025-08-27_09-49-13.jpg,cameras/cam2/image,5069
2025-08-27_09-50-17,cam2,received_images/2025-08-27/cam2/cam2_2025-08-27_09-50-17.jpg,cameras/cam2/image,5069
2025-08-27_09-54-22,cam2,received_images/2025-08-27/cam2/cam2_2025-08-27_09-54-22.jpg,cameras/cam2/image,5069
2025-08-27_09-55-46,cam2,received_images/2025-08-27/cam2/cam2_2025-08-27_09-55-46.jpg,cameras/cam2/image,5069
2025-08-27_10-01-15,cam2,received_images/2025-08-27/cam2/cam2_2025-08-27_10-01-15.jpg,cameras/cam2/image,5069
2025-08-27_10-04-15,cam2,received_images/2025-08-27/cam2/cam2_2025-08-27_10-04-15.jpg,cameras/cam2/image,5069
2025-08-27_10-17-34,cam2,received_images/2025-08-27/cam2/cam2_2025-08-27_10-17-34.jpg,cameras/cam2/image,5089
2025-08-27_10-27-50,cam2,received_images/2025-08-27/cam2/cam2_2025-08-27_10-27-50.jpg,cameras/cam2/image,5089
2025-08-27_10-29-19,cam2,received_images/2025-08-27/cam2/cam2_2025-08-27_10-29-19.jpg,cameras/cam2/image,5089
2025-08-27_10-30-50,cam2,received_images/2025-08-27/cam2/cam2_2025-08-27_10-30-50.jpg,cameras/cam2/image,5089
2025-08-27_10-48-00,cam2,received_images/2025-08-27/cam2/cam2_2025-08-27_10-48-00.jpg,cameras/cam2/image,5101
